ano,idade,categoria,valor,ef,em,sup,n
2015,14,raca,Amarela,0.17539290809797717,0.0,0.0,78
2015,15,raca,Amarela,0.8047918668877476,0.0,0.0,68
2015,16,raca,Amarela,0.861858217790515,0.024644337808807183,0.0,71
2015,17,raca,Amarela,0.9341777507472593,0.188466333821089,0.0,76
2015,18,raca,Amarela,0.9619354632101239,0.5959444429816313,0.0,97
2015,19,raca,Amarela,0.9197612111665094,0.7103347735047716,0.031155090342902158,78
2015,20,raca,Amarela,0.9788505841543648,0.9236245651204205,0.0,88
2015,21,raca,Amarela,0.9634514814480044,0.9226829509723196,0.023015344091510435,93
2015,22,raca,Amarela,0.9193950529490723,0.777829663541162,0.1190933565043635,80
2015,23,raca,Amarela,0.9126976601142395,0.7997629584682385,0.08563102909180478,75
2015,24,raca,Amarela,0.9553125690642859,0.9004630992724032,0.4467581260527502,81
2015,25,raca,Amarela,0.9804622031581655,0.9219907318630289,0.3075254244440235,86
2015,26,raca,Amarela,0.9521290146131972,0.860921361950022,0.4087513090242905,98
2015,27,raca,Amarela,0.9788709021309213,0.881575053027731,0.48400619566186276,80
2015,28,raca,Amarela,0.9689874090178566,0.8854495127247971,0.4060575977826448,96
2015,29,raca,Amarela,0.9658889435054697,0.9287690791871912,0.6634464636690299,82
2017,14,raca,Amarela,0.22172470062474373,0.0,0.0,91
2017,15,raca,Amarela,0.7371024847242982,0.0,0.0,105
2017,16,raca,Amarela,0.8676003589224945,0.03131472512772975,0.0,124
2017,17,raca,Amarela,0.8885761991320824,0.2569812870361401,0.0,121
2017,18,raca,Amarela,0.9160712866933863,0.6044042377281871,0.0,118
2017,19,raca,Amarela,0.8528723998918242,0.6982994904559724,0.0,121
2017,20,raca,Amarela,0.9490231641486316,0.7857458100148081,0.028623700612587667,113
2017,21,raca,Amarela,0.9197490954434602,0.8347700319483435,0.09132887087250864,115
2017,22,raca,Amarela,0.9606404657821183,0.8594962176115348,0.132938906229753,119
2017,23,raca,Amarela,0.859432286179538,0.7777208228711762,0.28605367867438053,114
2017,24,raca,Amarela,0.9033135312828686,0.8275261096517542,0.2370956899244268,114
2017,25,raca,Amarela,0.8995152572688365,0.799997302807365,0.3823811893722086,117
2017,26,raca,Amarela,0.9354496928496222,0.8338971296280586,0.4324075069594338,144
2017,27,raca,Amarela,0.8921884574185169,0.8294769743143785,0.5269416274664793,139
2017,28,raca,Amarela,0.9504369895888677,0.7938950481505662,0.40381390282305196,129
2017,29,raca,Amarela,0.8426665576360965,0.7478658912997337,0.4974992189793692,142
2019,14,raca,Amarela,0.16818532326407998,0.0,0.0,137
2019,15,raca,Amarela,0.465666036770423,0.0,0.0,124
2019,16,raca,Amarela,0.7331863261731977,0.00741532782814207,0.0,127
2019,17,raca,Amarela,0.7836752300415409,0.11547644701477314,0.0,145
2019,18,raca,Amarela,0.8651653985160253,0.583261963546162,0.0,152
2019,19,raca,Amarela,0.8572252978133823,0.6174583888618747,0.0,137
2019,20,raca,Amarela,0.9343759202758175,0.7371444269935129,0.013936734600780949,154
2019,21,raca,Amarela,0.9227338148303031,0.7608052392526401,0.03829648524774309,150
2019,22,raca,Amarela,0.9363276259776571,0.7880351402961252,0.17681218932262197,154
2019,23,raca,Amarela,0.8889103744125497,0.721855945022255,0.08404316677458495,151
2019,24,raca,Amarela,0.9445451882558225,0.707396268402555,0.21632738385330622,152
2019,25,raca,Amarela,0.8929422931687852,0.8305589947845393,0.2879655390218224,156
2019,26,raca,Amarela,0.9173615958476555,0.7663810902746946,0.23926648679233423,156
2019,27,raca,Amarela,0.8934437876174053,0.7477505600003241,0.3039934258924729,161
2019,28,raca,Amarela,0.922154066553352,0.8383931061017539,0.43659064613652376,165
2019,29,raca,Amarela,0.8935250749941617,0.817470251184795,0.42477514206224487,156
2021,14,raca,Amarela,0.04406035815111756,0.0,0.0,108
2021,15,raca,Amarela,0.5891903090728248,0.0,0.0,110
2021,16,raca,Amarela,0.8874828929989382,0.0003826315275239117,0.0,131
2021,17,raca,Amarela,0.8403262815611925,0.10863430765061487,0.0,113
2021,18,raca,Amarela,0.95669429630154,0.4701654223404711,0.0,111
2021,19,raca,Amarela,0.9702065862207637,0.7106652730313597,0.0,112
2021,20,raca,Amarela,0.953849777121665,0.8040329249060006,0.010454649787112292,116
2021,21,raca,Amarela,0.8234402903835214,0.7504051260909433,0.0034330924423647837,107
2021,22,raca,Amarela,0.9052568711457207,0.7773674408639687,0.07048884544376152,121
2021,23,raca,Amarela,0.9651996877636069,0.8516791495554141,0.19616972843524655,105
2021,24,raca,Amarela,0.9035179206433613,0.8281103633459674,0.42938349488704924,99
2021,25,raca,Amarela,0.9846233731624694,0.9274932681896455,0.36533677281865523,101
2021,26,raca,Amarela,0.9386387635007474,0.8152562250255013,0.3777044766457687,81
2021,27,raca,Amarela,0.8472768387326589,0.7122885922773294,0.24826131041493585,91
2021,28,raca,Amarela,0.9575887381274371,0.813645842143995,0.40888384460378346,112
2021,29,raca,Amarela,0.9222115676248843,0.7922604220360008,0.3209373242149822,106
2023,14,raca,Amarela,0.06469269983936456,0.0,0.0,135
2023,15,raca,Amarela,0.6539432008229118,0.0,0.0,111
2023,16,raca,Amarela,0.8982552739603822,0.0,0.0,127
2023,17,raca,Amarela,0.9120617001734973,0.19211625471922128,0.0,131
2023,18,raca,Amarela,0.8988028319035402,0.5666907038701158,0.00837729498811,111
2023,19,raca,Amarela,0.9795464925126783,0.8588475400139365,0.0,137
2023,20,raca,Amarela,0.9335666719011,0.805886819835247,0.0008100669409199919,150
2023,21,raca,Amarela,0.9747914282347439,0.8711116222297927,0.07794952405310072,144
2023,22,raca,Amarela,0.9473387955022196,0.8448414326445484,0.03696851192165752,198
2023,23,raca,Amarela,0.955615096348175,0.885177438900422,0.14472242228324989,121
2023,24,raca,Amarela,0.9844897905607655,0.779076616606892,0.15026285967184289,111
2023,25,raca,Amarela,0.8899680463018259,0.8116601167896447,0.23385612586836113,152
2023,26,raca,Amarela,0.9099016675288348,0.8002514331461578,0.3467874743998973,153
2023,27,raca,Amarela,0.9146102813360981,0.736333100167364,0.3808686547480624,139
2023,28,raca,Amarela,0.9165456019609276,0.8059438408806323,0.41442987811298365,175
2023,29,raca,Amarela,0.9453007865345977,0.8792445534289068,0.39775751182382085,170
2025,14,raca,Amarela,0.14569727320662598,0.0,0.0,89
2025,15,raca,Amarela,0.7532795198647412,0.0,0.0,100
2025,16,raca,Amarela,0.9915853400938623,0.0,0.0,92
2025,17,raca,Amarela,1.0,0.05679062310058455,0.0,76
2025,18,raca,Amarela,0.9218713127761593,0.5590227327606471,0.0,89
2025,19,raca,Amarela,0.950158501127275,0.8314880605553526,0.02146903168176753,99
2025,20,raca,Amarela,0.9725255381635525,0.7661135152206444,0.040662861992072835,91
2025,21,raca,Amarela,0.963408046456675,0.9188997072025191,0.08905749485990426,94
2025,22,raca,Amarela,0.9830315753555138,0.8436467400817846,0.19092658756775885,92
2025,23,raca,Amarela,0.9940591591449286,0.9123913474339621,0.12976540131225892,90
2025,24,raca,Amarela,0.9522364176671733,0.9262918758274187,0.1845792677238897,76
2025,25,raca,Amarela,0.9577413018582843,0.8728695045108027,0.34535071921737354,92
2025,26,raca,Amarela,0.8979638751458086,0.822624083615459,0.43419489468650224,115
2025,27,raca,Amarela,0.7999211017868926,0.6662544841984652,0.4437528599993154,83
2025,28,raca,Amarela,0.9334968218719917,0.834875190177535,0.403483966010403,116
2025,29,raca,Amarela,0.9378962114657821,0.8541840727183702,0.35525023881631396,129
2015,14,raca,Branca,0.23311354566815037,0.0,0.0,13669
2015,15,raca,Branca,0.6265027121854995,0.0,0.0,14740
2015,16,raca,Branca,0.8153536854282173,0.02071992880811278,0.0,14146
2015,17,raca,Branca,0.8695782995490947,0.21244293793467212,0.0,14131
2015,18,raca,Branca,0.8916111235140717,0.5251764357207626,0.0014884069010953672,14084
2015,19,raca,Branca,0.8966608927195926,0.6461117473822962,0.0039320971473921894,13925
2015,20,raca,Branca,0.9018844640193971,0.7049108138727922,0.008624157878140531,13751
2015,21,raca,Branca,0.9042503265548485,0.7294571071777706,0.03713875912620378,12857
2015,22,raca,Branca,0.8973825711486096,0.7188103778302022,0.0768457661097476,12769
2015,23,raca,Branca,0.9012206272125977,0.738702814550795,0.13351147564685265,12640
2015,24,raca,Branca,0.896163323304401,0.7377419649712331,0.19310948186916777,12719
2015,25,raca,Branca,0.8988794066207506,0.751416439999071,0.21274436916409356,12814
2015,26,raca,Branca,0.898597656377386,0.7572480368432856,0.24557722578423208,12885
2015,27,raca,Branca,0.8992709329397819,0.7606395609251015,0.2614825129066063,12952
2015,28,raca,Branca,0.882193334031586,0.743156386438152,0.2555268720660826,13095
2015,29,raca,Branca,0.8828201957472736,0.7533594123172282,0.2738602877007787,13270
2017,14,raca,Branca,0.18989662925091552,0.0,0.0,11887
2017,15,raca,Branca,0.6335689911797552,0.0,0.0,12610
2017,16,raca,Branca,0.8134228063458403,0.014101830072853289,0.0,13269
2017,17,raca,Branca,0.8734849464816471,0.20204940884069575,0.0,13625
2017,18,raca,Branca,0.9090557733875093,0.5655745448371976,0.0011400365031508791,13159
2017,19,raca,Branca,0.9089490992605027,0.6754798714476844,0.005000762485949767,12842
2017,20,raca,Branca,0.9187087941484389,0.7363042081024898,0.014679122849276768,12862
2017,21,raca,Branca,0.9100485720670173,0.7394123126522356,0.03581341825841831,12599
2017,22,raca,Branca,0.9113411668614255,0.7495834308913455,0.08831488114750895,12789
2017,23,raca,Branca,0.9083701847078628,0.7471801266317973,0.13720037028225746,12496
2017,24,raca,Branca,0.9032377265310758,0.7571314272020786,0.19554191251637873,11988
2017,25,raca,Branca,0.9061053636669079,0.7656583405516628,0.2302144222296145,12437
2017,26,raca,Branca,0.9001000617315781,0.765516500820448,0.2669696767128841,12120
2017,27,raca,Branca,0.9043592521971345,0.7655672596535127,0.2811807222974956,12310
2017,28,raca,Branca,0.8956311483815256,0.7611954345599493,0.280192022397341,12414
2017,29,raca,Branca,0.8946313950106703,0.763173187786321,0.3004939556921571,11998
2019,14,raca,Branca,0.15862619819420964,0.0,0.0,11549
2019,15,raca,Branca,0.6303933475228899,0.0,0.0,11616
2019,16,raca,Branca,0.8276156477768791,0.010866230379524824,0.0,11286
2019,17,raca,Branca,0.8910716349961166,0.1782995291053888,0.0,11352
2019,18,raca,Branca,0.9203033924522548,0.5545442197101593,0.0013666507660946307,11684
2019,19,raca,Branca,0.9340341701987206,0.7259913473549189,0.004129414048351255,12134
2019,20,raca,Branca,0.9301142838967318,0.774776668609164,0.014442444957768667,11560
2019,21,raca,Branca,0.9280199550618844,0.7831811165421287,0.03859087825982796,11224
2019,22,raca,Branca,0.9299304091676774,0.7881076791839952,0.09813921448384372,11637
2019,23,raca,Branca,0.9208200562277341,0.7881362377263942,0.15963846663150877,11623
2019,24,raca,Branca,0.9234359128982592,0.7891904634312791,0.2115884307005116,11685
2019,25,raca,Branca,0.9148739867682504,0.7818501843082308,0.24450785096616415,11203
2019,26,raca,Branca,0.907976215268004,0.7651294214440485,0.26463574038860843,11056
2019,27,raca,Branca,0.9220241550857285,0.809667215091674,0.3087200030228156,10863
2019,28,raca,Branca,0.9067508359139733,0.787031522407957,0.32304739694553897,11172
2019,29,raca,Branca,0.9111958156566135,0.7788816990008768,0.32196300744479217,10996
2021,14,raca,Branca,0.11343582206092567,0.0,0.0,8127
2021,15,raca,Branca,0.5861466122801865,0.0,0.0,8492
2021,16,raca,Branca,0.833573821323377,0.0056060191750109305,0.0,8480
2021,17,raca,Branca,0.9105273822824042,0.13360736856572822,0.0,8172
2021,18,raca,Branca,0.9294350365457982,0.5430717006927434,0.008648746788061469,8479
2021,19,raca,Branca,0.9422210127763107,0.7243846270690417,0.007078969029315805,7944
2021,20,raca,Branca,0.9423580851278108,0.7896950967003571,0.013026670696631645,8138
2021,21,raca,Branca,0.9435535801638384,0.8134037907161735,0.036988146734947665,8552
2021,22,raca,Branca,0.9325243657741623,0.8022963261857041,0.08533741434045333,8099
2021,23,raca,Branca,0.9322936641225017,0.819677397292126,0.16771884125326805,7865
2021,24,raca,Branca,0.9395128558586876,0.8245035955324596,0.25478379838223536,7868
2021,25,raca,Branca,0.9216510035875053,0.7858305385517278,0.2556400384264547,7955
2021,26,raca,Branca,0.9208413327923625,0.7975912342596839,0.29704893356222645,7671
2021,27,raca,Branca,0.9223841518730477,0.7909765620887499,0.32781852174322373,7471
2021,28,raca,Branca,0.918250602139234,0.8132743843661969,0.3363848514453293,7483
2021,29,raca,Branca,0.9215473973016656,0.8133718627247568,0.3396635439223243,7176
2023,14,raca,Branca,0.11132015622641535,0.0,0.0,9269
2023,15,raca,Branca,0.6029958526173417,0.0,0.0,9482
2023,16,raca,Branca,0.8663744750810263,0.006568660239982225,0.0,9353
2023,17,raca,Branca,0.9246539487057223,0.11129124925606959,0.0,9672
2023,18,raca,Branca,0.9488727442459894,0.5487937206233693,0.0035417732225974594,9686
2023,19,raca,Branca,0.9495895425961107,0.7600484137359111,0.005041087314857128,9018
2023,20,raca,Branca,0.9482626014508069,0.7989679978899354,0.019626164627622896,9140
2023,21,raca,Branca,0.9463006414658481,0.8177800194479958,0.04187573974217981,9113
2023,22,raca,Branca,0.9463674795080803,0.8299633634721361,0.08246002512038049,9431
2023,23,raca,Branca,0.9529948735284197,0.828137183635323,0.16242360074761797,9720
2023,24,raca,Branca,0.9440547092672342,0.8239982619955102,0.2302684590082972,8985
2023,25,raca,Branca,0.9373353590493965,0.8210893222327921,0.2699383183631785,9234
2023,26,raca,Branca,0.93859162889207,0.8147467283282105,0.2986286965910592,9144
2023,27,raca,Branca,0.934996368162455,0.8275362524517522,0.3242490012804223,9186
2023,28,raca,Branca,0.9331122146766482,0.8192225602085247,0.34158071374014326,9255
2023,29,raca,Branca,0.926975950352763,0.8239818053166853,0.3408343640844602,8931
2025,14,raca,Branca,0.13301943363298788,0.0,0.0,9559
2025,15,raca,Branca,0.6798302529603552,0.0,0.0,9734
2025,16,raca,Branca,0.8983855623504594,0.006026065714894639,0.0,9508
2025,17,raca,Branca,0.9396282054384468,0.10910896330526788,0.0,9613
2025,18,raca,Branca,0.960169952696584,0.5929594684083574,0.003983431863934158,9419
2025,19,raca,Branca,0.9602657868583805,0.7994709222392296,0.00950694558289939,9179
2025,20,raca,Branca,0.9622445054010147,0.8361559615643623,0.020098628846061575,9080
2025,21,raca,Branca,0.964856850782846,0.860405680093002,0.03368133137902278,8440
2025,22,raca,Branca,0.9520049847842452,0.8486975076390182,0.09827932980615299,8496
2025,23,raca,Branca,0.9483750971200811,0.8520702440369352,0.1624129418048129,8506
2025,24,raca,Branca,0.9489931731881744,0.8590693678326832,0.24978019407509428,9013
2025,25,raca,Branca,0.9450248075912092,0.8547314333328898,0.27980585622303994,9369
2025,26,raca,Branca,0.9407140797900287,0.854089529970406,0.3343867830232039,8889
2025,27,raca,Branca,0.9415961782435657,0.8438572248219743,0.3470351881936166,9014
2025,28,raca,Branca,0.9405265739153211,0.848310949883222,0.3709492237216446,9233
2025,29,raca,Branca,0.9406364661366151,0.8552495867421123,0.3885515119621226,9462
2015,14,raca,Indigena,0.10265890038597711,0.0,0.0,101
2015,15,raca,Indigena,0.5227582590149564,0.0,0.0,102
2015,16,raca,Indigena,0.5802827119576023,0.0,0.0,106
2015,17,raca,Indigena,0.6629145732558223,0.0628652600610732,0.0,93
2015,18,raca,Indigena,0.7220460728970268,0.25260097586596514,0.0,115
2015,19,raca,Indigena,0.7353606259261048,0.32731097653279734,0.0,132
2015,20,raca,Indigena,0.806759782556733,0.5167106946876947,0.0,100
2015,21,raca,Indigena,0.5328083353604804,0.37458337639757455,0.0,82
2015,22,raca,Indigena,0.8165424434498793,0.6159845232425177,0.0,95
2015,23,raca,Indigena,0.8485157454794372,0.5987017533095388,0.14243778300795576,56
2015,24,raca,Indigena,0.7530846410771722,0.505031365433398,0.05197466810890023,75
2015,25,raca,Indigena,0.7593474799861878,0.5096707619603482,0.054037341594526396,74
2015,26,raca,Indigena,0.781314183450662,0.6748867169445542,0.1474387263874334,77
2015,27,raca,Indigena,0.8109042777439134,0.6516364956229467,0.02364281670263203,101
2015,28,raca,Indigena,0.6534792621794149,0.5620328069326,0.021376238034731966,78
2015,29,raca,Indigena,0.7575722305206204,0.5582498859608596,0.13363285062220823,97
2017,14,raca,Indigena,0.08748178298796701,0.0,0.0,134
2017,15,raca,Indigena,0.3862832778031389,0.0,0.0,156
2017,16,raca,Indigena,0.6131828365634443,0.0004329037193890418,0.0,149
2017,17,raca,Indigena,0.6953577150618795,0.09396807840008287,0.0,169
2017,18,raca,Indigena,0.8899547490835291,0.3017340502463079,0.0,162
2017,19,raca,Indigena,0.7831305874628273,0.338832435787579,0.0,157
2017,20,raca,Indigena,0.7768542904971372,0.3950508112045891,0.0,170
2017,21,raca,Indigena,0.8387146294197718,0.5879225779019149,0.02277578578767607,162
2017,22,raca,Indigena,0.7770668159654365,0.4970679144063203,0.0014294379813614515,154
2017,23,raca,Indigena,0.7957517203289528,0.4136475055416527,0.009775163232097258,151
2017,24,raca,Indigena,0.8319873890681471,0.45817497846842775,0.042829176392736514,117
2017,25,raca,Indigena,0.7825400830802454,0.5633751671064976,0.05663206125837061,124
2017,26,raca,Indigena,0.7585852374722258,0.5375668021668341,0.1321462368616984,130
2017,27,raca,Indigena,0.8754951023626336,0.5756655597589639,0.19956991584663178,113
2017,28,raca,Indigena,0.8051629158696169,0.6163505901102065,0.12066011516421335,133
2017,29,raca,Indigena,0.78725376073468,0.5470116138262423,0.0588345305061419,136
2019,14,raca,Indigena,0.09542069201640697,0.0,0.0,182
2019,15,raca,Indigena,0.4746187648374538,0.0,0.0,186
2019,16,raca,Indigena,0.5438884967246993,0.008958817492045244,0.0,186
2019,17,raca,Indigena,0.7541323813079768,0.039305508210392304,0.0,210
2019,18,raca,Indigena,0.8838694306309878,0.3793556667733367,0.0,177
2019,19,raca,Indigena,0.7946521467463632,0.2969024870535715,0.0,193
2019,20,raca,Indigena,0.8630729593267163,0.4985067740186481,0.017031373027157192,169
2019,21,raca,Indigena,0.8282467970459315,0.5130287250195701,0.0052116343185702844,152
2019,22,raca,Indigena,0.8114715758472273,0.5109685879816654,0.04275564386639197,150
2019,23,raca,Indigena,0.8631696380236608,0.6560661376205853,0.039861466372743716,154
2019,24,raca,Indigena,0.6887606700477925,0.5064938622644268,0.10221630134426382,185
2019,25,raca,Indigena,0.8259179285147912,0.659832166542071,0.14395355081730232,171
2019,26,raca,Indigena,0.8333058546762819,0.5864392248373489,0.07827498921959819,163
2019,27,raca,Indigena,0.7856981840819987,0.5869202738702183,0.21032720726400067,151
2019,28,raca,Indigena,0.8006912432677108,0.6032927685928794,0.09886559456684174,172
2019,29,raca,Indigena,0.7925360121529326,0.4776643835526372,0.08823685810744075,165
2021,14,raca,Indigena,0.01643558832396376,0.0,0.0,101
2021,15,raca,Indigena,0.37926911211261277,0.0,0.0,114
2021,16,raca,Indigena,0.7107870452112893,0.0,0.0,120
2021,17,raca,Indigena,0.6805492175256296,0.03995790651015089,0.0,131
2021,18,raca,Indigena,0.7428388274858414,0.2629588169580574,0.0,91
2021,19,raca,Indigena,0.8328468853101824,0.4260442372055011,0.0,110
2021,20,raca,Indigena,0.7887847666312149,0.5701276467706466,0.0,118
2021,21,raca,Indigena,0.865702680875557,0.5021340068297686,0.005063773600177746,130
2021,22,raca,Indigena,0.7450224791234862,0.49087836570064247,0.014421227629257174,129
2021,23,raca,Indigena,0.7153342657282654,0.5747838710153534,0.0041169801760944195,98
2021,24,raca,Indigena,0.8576755579226623,0.6375567179742349,0.010844301330774637,114
2021,25,raca,Indigena,0.8012218657792831,0.5602040858622737,0.19043287511319817,115
2021,26,raca,Indigena,0.8200658116561234,0.6444459084874236,0.13714809390345165,98
2021,27,raca,Indigena,0.8118789595973079,0.6645086657278879,0.09516298343274461,110
2021,28,raca,Indigena,0.9564341223937932,0.7351356485702765,0.0852935853265729,109
2021,29,raca,Indigena,0.8910402009931357,0.7339227161753509,0.12947340123153442,92
2023,14,raca,Indigena,0.10848788492424871,0.0,0.0,153
2023,15,raca,Indigena,0.5993762588778992,0.0,0.0,164
2023,16,raca,Indigena,0.7685173240628959,0.0,0.0,166
2023,17,raca,Indigena,0.8583897881740981,0.09324107418027149,0.0,187
2023,18,raca,Indigena,0.8838697380213155,0.33812065482488834,0.0,176
2023,19,raca,Indigena,0.9503512506852627,0.5846643081390447,0.0,137
2023,20,raca,Indigena,0.9208680312778534,0.6435953318605429,0.0013162006793952534,158
2023,21,raca,Indigena,0.8840018756334539,0.5192546725389173,0.0015737286417916842,145
2023,22,raca,Indigena,0.8007686326604485,0.6359215433542282,0.0,199
2023,23,raca,Indigena,0.8695542101150698,0.5853911248228798,0.018694735653617355,182
2023,24,raca,Indigena,0.787241607307428,0.5615114522395096,0.02759210191631352,142
2023,25,raca,Indigena,0.7958911050316567,0.6415546342051335,0.05662939420850134,183
2023,26,raca,Indigena,0.8295341498472867,0.5520983602983405,0.15276679015050942,172
2023,27,raca,Indigena,0.8111482289585662,0.6460481087313281,0.08869874181716013,148
2023,28,raca,Indigena,0.900468122512453,0.7363908902481632,0.2514697031761731,167
2023,29,raca,Indigena,0.9084341856253507,0.7226563383133409,0.060788175088240796,164
2025,14,raca,Indigena,0.08086072139257364,0.0,0.0,173
2025,15,raca,Indigena,0.5123030048229492,0.0,0.0,166
2025,16,raca,Indigena,0.7680491053477966,0.005700698284261336,0.0,208
2025,17,raca,Indigena,0.8708890994879805,0.06780048745795696,0.0,192
2025,18,raca,Indigena,0.8863413311905219,0.3763760522473969,0.03734272816272675,202
2025,19,raca,Indigena,0.9330421643043673,0.6840326117562939,0.02580232576172963,150
2025,20,raca,Indigena,0.8987981911851186,0.7300850481673582,0.00022517009621366484,165
2025,21,raca,Indigena,0.87620572260272,0.6632758917385679,0.006132329643221095,175
2025,22,raca,Indigena,0.8844390498769671,0.7851028924183727,0.045202818809177155,174
2025,23,raca,Indigena,0.9176619454329767,0.8158927003178027,0.054799389875798944,182
2025,24,raca,Indigena,0.925341812228934,0.8543887799708886,0.037359112732317394,151
2025,25,raca,Indigena,0.8514459450995195,0.6755546132736377,0.08685356553188193,207
2025,26,raca,Indigena,0.8716086500046549,0.7610923966898088,0.06389948145569835,173
2025,27,raca,Indigena,0.8387855150454347,0.7368151593547457,0.08195307762278108,146
2025,28,raca,Indigena,0.9043302096653417,0.8353924367558571,0.1387096599075329,156
2025,29,raca,Indigena,0.7462470249104131,0.6796472917046797,0.1388238391810066,149
2015,14,raca,Parda,0.15835619501345244,0.0,0.0,24421
2015,15,raca,Parda,0.4779935829447236,0.0,0.0,25716
2015,16,raca,Parda,0.6614725789124155,0.015311745601592024,0.0,24377
2015,17,raca,Parda,0.7420278515728833,0.12947245758242532,0.0,23592
2015,18,raca,Parda,0.7859419960505611,0.3444079413719391,0.00043782568660275716,23195
2015,19,raca,Parda,0.80660479243789,0.4646721243954569,0.0019579726509819746,21479
2015,20,raca,Parda,0.8093085255615606,0.5330065877010454,0.003513749207913361,21257
2015,21,raca,Parda,0.8071715268567563,0.554571989134962,0.018061911316719394,19369
2015,22,raca,Parda,0.8032270782942331,0.5704492902417821,0.03414851797292481,18924
2015,23,raca,Parda,0.7993624583708228,0.5802012094769211,0.05428544846986819,17988
2015,24,raca,Parda,0.7942729387907088,0.5784941416842742,0.07141827070987093,17500
2015,25,raca,Parda,0.7837415890057394,0.5774689939848489,0.08235974029832994,17874
2015,26,raca,Parda,0.778937638294387,0.5699959622188495,0.0866413211588917,17839
2015,27,raca,Parda,0.7591503440437495,0.5559522127694387,0.10045403005089208,18030
2015,28,raca,Parda,0.7529627995538075,0.5483389316762242,0.10226751487768393,18165
2015,29,raca,Parda,0.7486421005043818,0.552006522314893,0.10403017116568986,18361
2017,14,raca,Parda,0.1437738298155512,0.0,0.0,22276
2017,15,raca,Parda,0.4954544274933331,0.0,0.0,22598
2017,16,raca,Parda,0.6862459172158801,0.013045315751815011,0.0,23335
2017,17,raca,Parda,0.7704990415645128,0.13602729603879649,0.0,23388
2017,18,raca,Parda,0.8257535889418453,0.3930575746180569,0.0014759423001557892,22515
2017,19,raca,Parda,0.8319090578382919,0.5184837254391363,0.0022126484419288245,21158
2017,20,raca,Parda,0.8369842503128223,0.5719910703996038,0.006500878479194532,20906
2017,21,raca,Parda,0.8229660627877157,0.575298455102574,0.016889666050140584,19909
2017,22,raca,Parda,0.8301194219157904,0.6130913676411396,0.03722887531042489,19861
2017,23,raca,Parda,0.8216748875222462,0.5985657091379957,0.0582171191688354,18867
2017,24,raca,Parda,0.8178555710403544,0.6170107294328662,0.07959876354729567,17758
2017,25,raca,Parda,0.8022874843921642,0.6072683728778362,0.09159213844486158,17760
2017,26,raca,Parda,0.8029486246511451,0.6127348258339089,0.10918847456553468,16924
2017,27,raca,Parda,0.7892613971327638,0.587039502978199,0.11393394137101279,17206
2017,28,raca,Parda,0.7881127972268374,0.5924073749409621,0.11228611550934454,17794
2017,29,raca,Parda,0.7723076352247148,0.5762135928502005,0.12495600149910463,17250
2019,14,raca,Parda,0.11714292160142217,0.0,0.0,20159
2019,15,raca,Parda,0.510662458924361,0.0,0.0,20212
2019,16,raca,Parda,0.7236567060669905,0.009360974146522587,0.0,20500
2019,17,raca,Parda,0.8081977729316879,0.13080800765494996,0.0,20177
2019,18,raca,Parda,0.8545867911261379,0.4146178115722201,0.0009435341835869758,20766
2019,19,raca,Parda,0.8618081946254219,0.5603017701578895,0.00278542949636314,20289
2019,20,raca,Parda,0.8576321166847549,0.6178285242606791,0.008909466250019668,18776
2019,21,raca,Parda,0.8564714485129116,0.6357545368062035,0.019546941867957253,18070
2019,22,raca,Parda,0.8614859861043271,0.6476748343201946,0.049173626152689866,18433
2019,23,raca,Parda,0.8530470624995754,0.6491288312572215,0.07824687389249771,18173
2019,24,raca,Parda,0.8411585744368333,0.6401304883895091,0.09635048718928219,17263
2019,25,raca,Parda,0.8248662330060571,0.6282334380446607,0.11285883553559481,16831
2019,26,raca,Parda,0.8201482166525653,0.6188101527531992,0.11215950025030394,16633
2019,27,raca,Parda,0.8131875124881054,0.6234258973452194,0.1329332165981054,16027
2019,28,raca,Parda,0.8094337181053634,0.6240184555256268,0.14477956560494115,15835
2019,29,raca,Parda,0.8110995365965517,0.627222433400907,0.1461033304647093,15954
2021,14,raca,Parda,0.08693925493885665,0.0,0.0,13758
2021,15,raca,Parda,0.4738634979259426,0.0,0.0,13873
2021,16,raca,Parda,0.7409847409774153,0.006600107037993271,0.0,13856
2021,17,raca,Parda,0.8266837246505266,0.07828308242049092,0.0,13630
2021,18,raca,Parda,0.8749009136767671,0.39604293363224147,0.0020203309405451963,13641
2021,19,raca,Parda,0.8859741304112457,0.5662743140537755,0.00510271348219595,12948
2021,20,raca,Parda,0.8840829581808543,0.6617459874409904,0.009289681657404042,13110
2021,21,raca,Parda,0.8834114305905634,0.6839285772923536,0.01732871831424587,13077
2021,22,raca,Parda,0.8801917157498398,0.6855088873156719,0.04653506233377689,11921
2021,23,raca,Parda,0.8709435874604826,0.6841959323435297,0.07253536171816266,12026
2021,24,raca,Parda,0.8683231396015053,0.6880064722945037,0.10852830980435982,11597
2021,25,raca,Parda,0.857683818814377,0.6559192088210771,0.11250851584031364,11936
2021,26,raca,Parda,0.8454788106676538,0.6536607851816778,0.13725049395411754,11436
2021,27,raca,Parda,0.8501780795259358,0.6667708001319197,0.15192443082042925,10849
2021,28,raca,Parda,0.8345647662783598,0.6372707838883798,0.15188651096000821,10973
2021,29,raca,Parda,0.8261124966310416,0.6524016670849868,0.1579887651588247,10297
2023,14,raca,Parda,0.09368187322077334,0.0,0.0,15432
2023,15,raca,Parda,0.5025739034577271,0.0,0.0,15733
2023,16,raca,Parda,0.7804786980832982,0.004496442648740223,0.0,16015
2023,17,raca,Parda,0.8704276683248637,0.08034806306882875,0.0,15788
2023,18,raca,Parda,0.8980008806097787,0.4200200223166591,0.0006208644150863657,15397
2023,19,raca,Parda,0.9081462205797176,0.6323828312054237,0.0035954799867315666,14033
2023,20,raca,Parda,0.8928667856076321,0.6828335792724336,0.008010737832301301,13982
2023,21,raca,Parda,0.8998700882365595,0.701869912664629,0.0197059266512782,13486
2023,22,raca,Parda,0.8862662325858053,0.7000678773433424,0.042151386769264304,14001
2023,23,raca,Parda,0.883174548667491,0.6976975598670582,0.07057288806607007,14403
2023,24,raca,Parda,0.8786291784464141,0.7188874007468985,0.10434957531194307,13282
2023,25,raca,Parda,0.8803524445127086,0.6971064420042183,0.11950026373642361,13550
2023,26,raca,Parda,0.8630895958808864,0.6909684871702302,0.1378035702185667,13359
2023,27,raca,Parda,0.8655696892877978,0.6856288100941178,0.14367056609761117,13506
2023,28,raca,Parda,0.8559782120182408,0.6849762911286731,0.16386971396245448,13401
2023,29,raca,Parda,0.8532486256660555,0.6831696433515152,0.17725955428609455,12772
2025,14,raca,Parda,0.10389170011071236,0.0,0.0,15132
2025,15,raca,Parda,0.5900737197883629,0.0,0.0,15196
2025,16,raca,Parda,0.8337066633120532,0.004615013830377335,0.0,15329
2025,17,raca,Parda,0.9014387103937386,0.0858493326154817,0.0,14990
2025,18,raca,Parda,0.9323715104130805,0.49791185272753585,0.0027433817865740798,15139
2025,19,raca,Parda,0.9321367633438999,0.6790665793869203,0.004841996226051257,13582
2025,20,raca,Parda,0.9266197043563507,0.74292454816033,0.011406520707463423,13493
2025,21,raca,Parda,0.9208269518584002,0.7437899965912897,0.021035291645399936,12808
2025,22,raca,Parda,0.9122108726439636,0.7545929285124796,0.046046171928991055,12798
2025,23,raca,Parda,0.9026436876749012,0.7311907470417062,0.07138357397982747,12923
2025,24,raca,Parda,0.9045374499444279,0.7444583707394526,0.11713854091627704,13303
2025,25,raca,Parda,0.8951248069846492,0.7392529337551225,0.12681182135732602,13916
2025,26,raca,Parda,0.8830045882631944,0.7214666843098807,0.16328666604143177,12836
2025,27,raca,Parda,0.8817569554296742,0.7254241727667268,0.17343920886803788,13498
2025,28,raca,Parda,0.8669720421843929,0.7143766316657498,0.16972436949954203,13731
2025,29,raca,Parda,0.8667578075490556,0.7024801525056056,0.1717022249090659,13629
2015,14,raca,Preta,0.1383218991203915,0.0,0.0,2285
2015,15,raca,Preta,0.442892272215163,0.0,0.0,2522
2015,16,raca,Preta,0.6205622046962955,0.009327263063873553,0.0,2494
2015,17,raca,Preta,0.7296190844071145,0.11629735565432844,0.0,2537
2015,18,raca,Preta,0.7733585280687723,0.32291881975018855,0.00037112502845466515,2571
2015,19,raca,Preta,0.7965288791847184,0.41282860777184055,0.0007913085776374317,2474
2015,20,raca,Preta,0.81962873171861,0.5274930162877571,0.0013410950756967586,2472
2015,21,raca,Preta,0.7733637357562263,0.5127881665010523,0.009262322873012652,2313
2015,22,raca,Preta,0.8055237179124608,0.5564394335635546,0.018306254602197855,2338
2015,23,raca,Preta,0.8230841984396557,0.5659738949971964,0.03372993307185737,2313
2015,24,raca,Preta,0.793033573119715,0.5660229320762974,0.06655881942803146,2203
2015,25,raca,Preta,0.7915344692704587,0.5890925915769561,0.08121054690272814,2279
2015,26,raca,Preta,0.8027843543456541,0.5648454855512168,0.07927482929785704,2387
2015,27,raca,Preta,0.7807137282024313,0.5730599536132711,0.10916083681506557,2458
2015,28,raca,Preta,0.7773494466657099,0.6036791307280243,0.09641709115589965,2365
2015,29,raca,Preta,0.7883826675783281,0.5658700633008255,0.08057230900237232,2509
2017,14,raca,Preta,0.15204945414848686,0.0,0.0,2438
2017,15,raca,Preta,0.4710678322298662,0.0,0.0,2629
2017,16,raca,Preta,0.6579157645685315,0.008373689364552524,0.0,2896
2017,17,raca,Preta,0.7561319147851379,0.1069725212800237,0.0,2951
2017,18,raca,Preta,0.790944625479292,0.33036062062870497,0.0018408372141011159,3075
2017,19,raca,Preta,0.8264276120040521,0.4936154220350362,0.006500548392820561,2939
2017,20,raca,Preta,0.8485906933689314,0.5702240011626206,0.0010831143987997745,2897
2017,21,raca,Preta,0.8411712906064265,0.5670207754881565,0.011511268214540177,2831
2017,22,raca,Preta,0.8163202274316362,0.5670765288646611,0.027426047076514363,2986
2017,23,raca,Preta,0.8392830850695726,0.5986262281872863,0.04462933468636461,2787
2017,24,raca,Preta,0.8225331035172909,0.6058221391365898,0.07173356586551094,2746
2017,25,raca,Preta,0.8113681658862134,0.6085743118224819,0.07723478070851404,2678
2017,26,raca,Preta,0.8282301375379154,0.6281068293515398,0.11094284932271256,2774
2017,27,raca,Preta,0.8095540002973044,0.6090717383116158,0.10832239641020072,2630
2017,28,raca,Preta,0.7934419187255671,0.591759183619045,0.10792906230173595,2914
2017,29,raca,Preta,0.7990353759185693,0.6140476126699332,0.13155482473618738,2803
2019,14,raca,Preta,0.11177565909938292,0.0,0.0,2552
2019,15,raca,Preta,0.4746278498405229,0.0,0.0,2606
2019,16,raca,Preta,0.6872094974687972,0.011531201658902382,0.0,2737
2019,17,raca,Preta,0.788001789385039,0.11781643412848493,0.0,2906
2019,18,raca,Preta,0.857164348575709,0.41152232278356193,0.001955846069086679,3132
2019,19,raca,Preta,0.8740862779132383,0.5590351094724453,0.0024034717196832166,3095
2019,20,raca,Preta,0.853950890920371,0.6156744220933669,0.005894249589755544,3091
2019,21,raca,Preta,0.8519342600347937,0.6296835606010299,0.021290165797726256,2973
2019,22,raca,Preta,0.8518507661828575,0.6408016233700822,0.03874641459261556,2983
2019,23,raca,Preta,0.8508056155742727,0.6248282031587262,0.06012213894581563,2974
2019,24,raca,Preta,0.8431889644115577,0.6337450275713106,0.0856407761282376,2834
2019,25,raca,Preta,0.8339825404591843,0.6275609521495946,0.08074791374802105,2958
2019,26,raca,Preta,0.8385175428291206,0.6400355606398128,0.10625076721583726,2876
2019,27,raca,Preta,0.8366262690915186,0.6576154699009135,0.1249312011689728,2903
2019,28,raca,Preta,0.825880502833929,0.6363964676262069,0.12160455157738195,2692
2019,29,raca,Preta,0.8497849903207441,0.6661181787902993,0.1550653297746672,2741
2021,14,raca,Preta,0.07394089409703006,0.0,0.0,1596
2021,15,raca,Preta,0.4353131533154487,0.0,0.0,1627
2021,16,raca,Preta,0.7262709381166101,0.003415825282915483,0.0,1828
2021,17,raca,Preta,0.824792352366707,0.058429148344200516,0.0,1904
2021,18,raca,Preta,0.8501516450144714,0.3550719880571746,0.002100669512569837,1968
2021,19,raca,Preta,0.8718619849388978,0.5697857452570386,0.0015610225561153153,2096
2021,20,raca,Preta,0.88920910886358,0.6556242511599162,0.012885959888554574,2084
2021,21,raca,Preta,0.8714846213462257,0.6710204600848274,0.018483646468236338,2110
2021,22,raca,Preta,0.8912837634943255,0.7336343614419657,0.037302677314459,2084
2021,23,raca,Preta,0.882165462385826,0.6955707577121333,0.068121352620257,2064
2021,24,raca,Preta,0.8947228253111198,0.7190169746073389,0.1192899805001371,2030
2021,25,raca,Preta,0.8753053836734076,0.6848190905259727,0.12550580198828026,2047
2021,26,raca,Preta,0.8642889064025343,0.6901525042658159,0.1200883725087401,2038
2021,27,raca,Preta,0.876057876590584,0.6911316603273335,0.15400994395054934,1911
2021,28,raca,Preta,0.8761408070453423,0.7139190451219871,0.16478508105920453,1992
2021,29,raca,Preta,0.8553866388405197,0.6952780368855423,0.15394904382638716,1918
2023,14,raca,Preta,0.09617507106893068,0.0,0.0,2212
2023,15,raca,Preta,0.483113415389101,0.0,0.0,2270
2023,16,raca,Preta,0.7945172992367041,0.0010939622943894772,0.0,2495
2023,17,raca,Preta,0.8552117136040028,0.056403518920290927,0.0,2615
2023,18,raca,Preta,0.8869687324922625,0.4004888769531658,0.0011387741133228714,2523
2023,19,raca,Preta,0.9084100564835453,0.6407145378263767,0.0016739929972623881,2542
2023,20,raca,Preta,0.9049949993679306,0.6702562712037557,0.013396488783905638,2574
2023,21,raca,Preta,0.91757322898294,0.6716663327014113,0.013356393262903906,2580
2023,22,raca,Preta,0.8985788210706988,0.7001136042599112,0.03711063022448181,2744
2023,23,raca,Preta,0.8851990481438314,0.6881511972175854,0.06865749561727445,2954
2023,24,raca,Preta,0.8845162774610644,0.708214948759231,0.10894341061547103,2801
2023,25,raca,Preta,0.866414364942107,0.6813752654632256,0.1154149255989766,2884
2023,26,raca,Preta,0.8880452906041372,0.7374895863977546,0.13562601846647138,2758
2023,27,raca,Preta,0.8721294835051171,0.7021062484248289,0.17401884722019476,2830
2023,28,raca,Preta,0.8878244929296903,0.7327470123557819,0.17308615307820582,2807
2023,29,raca,Preta,0.8681463513596257,0.7063666920227273,0.1767391449723694,2610
2025,14,raca,Preta,0.10112880708952622,0.0,0.0,2215
2025,15,raca,Preta,0.573368980157737,0.0,0.0,2324
2025,16,raca,Preta,0.8075318505350023,0.004762034741808292,0.0,2360
2025,17,raca,Preta,0.8939943422261495,0.08595206596464497,0.0,2377
2025,18,raca,Preta,0.9091590796223024,0.45370126057030596,0.0007894576225867444,2600
2025,19,raca,Preta,0.933018642013005,0.6647964569221414,0.009923862566392067,2583
2025,20,raca,Preta,0.92109516046628,0.6828744091237533,0.011923913276077348,2550
2025,21,raca,Preta,0.9162890385895268,0.7395988631941752,0.019275544090621134,2494
2025,22,raca,Preta,0.9038569092176179,0.7473254799355782,0.040502720437102874,2749
2025,23,raca,Preta,0.9285498498344409,0.7479097611516722,0.07145967411778217,2547
2025,24,raca,Preta,0.9178229989942396,0.758572971019762,0.110388799926448,2766
2025,25,raca,Preta,0.9008858912693254,0.7298471785987878,0.12377725412210229,2853
2025,26,raca,Preta,0.9176633483253658,0.7352558755282814,0.12953674481881286,2674
2025,27,raca,Preta,0.8885297326054604,0.7238320390794789,0.171187660229624,2843
2025,28,raca,Preta,0.8842686776883023,0.7404880252526934,0.1589046355569129,2843
2025,29,raca,Preta,0.8847006232239168,0.7174728541728971,0.1771675901338295,2775
2015,14,sexo,Homem,0.16457668830480968,0.0,0.0,20767
2015,15,sexo,Homem,0.4802957136013554,0.0,0.0,22344
2015,16,sexo,Homem,0.6616473124600465,0.010919398552818226,0.0,21556
2015,17,sexo,Homem,0.7517182423476343,0.1269639341739168,0.0,21121
2015,18,sexo,Homem,0.7847938509279749,0.34492845466820415,0.0007838187128196886,20813
2015,19,sexo,Homem,0.8136011702048226,0.4714241371015546,0.002013016748302298,19450
2015,20,sexo,Homem,0.8166177385938762,0.5392025716188742,0.004137592134116085,19028
2015,21,sexo,Homem,0.8086377173682405,0.5659037995676843,0.019000183212045094,17386
2015,22,sexo,Homem,0.8078492141231398,0.5729782011861471,0.037282268564464864,17300
2015,23,sexo,Homem,0.8136909352585819,0.5944809336168269,0.06728645944418031,16658
2015,24,sexo,Homem,0.8092338361665289,0.6050558838994823,0.09972192145822226,16507
2015,25,sexo,Homem,0.8048943282459783,0.6038032884720885,0.11123887593748648,16515
2015,26,sexo,Homem,0.8030205716775807,0.6057701466694445,0.1256357406475888,16134
2015,27,sexo,Homem,0.7914146085437133,0.6037617231423499,0.14347248580246263,16344
2015,28,sexo,Homem,0.7800620892975841,0.5985821446418645,0.14300209340143843,16542
2015,29,sexo,Homem,0.7800122346325096,0.5926196353399603,0.15606361960566523,16679
2017,14,sexo,Homem,0.13851721048853946,0.0,0.0,19232
2017,15,sexo,Homem,0.4922995771979804,0.0,0.0,19610
2017,16,sexo,Homem,0.6729576243420533,0.010424455930941748,0.0,20644
2017,17,sexo,Homem,0.7713192053919152,0.13201910634224542,0.0,20733
2017,18,sexo,Homem,0.8196905198387734,0.39037928505969427,0.0010442832277932994,20478
2017,19,sexo,Homem,0.8361927907064844,0.5184410659776905,0.003561072473489684,19273
2017,20,sexo,Homem,0.8439910398324212,0.5855070957403486,0.0071100441067779,18769
2017,21,sexo,Homem,0.8263263112335365,0.583284032512838,0.020020701496873097,18101
2017,22,sexo,Homem,0.8326913093705175,0.6085437356763077,0.04387203372554556,18236
2017,23,sexo,Homem,0.8313173166450607,0.6093108574572949,0.06429690372358889,17447
2017,24,sexo,Homem,0.8210736229441778,0.6260972534635686,0.0961306949837413,16425
2017,25,sexo,Homem,0.8167000284951758,0.6277052642731031,0.11712518804396406,16504
2017,26,sexo,Homem,0.8226333219150838,0.6354179399909388,0.14465519182105757,15852
2017,27,sexo,Homem,0.8101652560801552,0.6166024826082813,0.16065918697567752,16117
2017,28,sexo,Homem,0.8030148006066798,0.6136308878833231,0.15079223493600563,16017
2017,29,sexo,Homem,0.7956732167538697,0.6127763078260835,0.16727773519641823,15653
2019,14,sexo,Homem,0.11519106741723056,0.0,0.0,17846
2019,15,sexo,Homem,0.49726574736953194,0.0,0.0,18064
2019,16,sexo,Homem,0.7045508413937424,0.007223263249488063,0.0,18194
2019,17,sexo,Homem,0.793725733281746,0.11790246573408525,0.0,17953
2019,18,sexo,Homem,0.8505376534381365,0.4072707558038083,0.0014273195350855764,18740
2019,19,sexo,Homem,0.8624743779563695,0.5641716940142305,0.002805221353804016,18627
2019,20,sexo,Homem,0.8588066710941659,0.6256031481047825,0.009448471099472272,17193
2019,21,sexo,Homem,0.8569231909265981,0.6488187884415503,0.0232095521856117,16602
2019,22,sexo,Homem,0.8618373297275266,0.6618771255781242,0.05653443491463913,16822
2019,23,sexo,Homem,0.8566196601320161,0.653331238423858,0.07809651153541128,16719
2019,24,sexo,Homem,0.8450789161126193,0.6536286285554092,0.10392251389886353,16112
2019,25,sexo,Homem,0.8323503477076934,0.6432349964741916,0.12860187371549092,15560
2019,26,sexo,Homem,0.824473420091952,0.6232641298746676,0.13383223567724162,15323
2019,27,sexo,Homem,0.8272646492869173,0.6506762323794658,0.16951368304349884,14688
2019,28,sexo,Homem,0.8174823751693774,0.6525437900932669,0.18408371881541394,14718
2019,29,sexo,Homem,0.8240587141766454,0.6481381343020708,0.19086676308036835,14615
2021,14,sexo,Homem,0.08993895229758377,0.0,0.0,12274
2021,15,sexo,Homem,0.4813184616431275,0.0,0.0,12439
2021,16,sexo,Homem,0.7320138989082187,0.004566520337908556,0.0,12664
2021,17,sexo,Homem,0.8208660353654159,0.08501611724375138,0.0,12546
2021,18,sexo,Homem,0.8644081839923448,0.3963929233191624,0.002697287384091192,12667
2021,19,sexo,Homem,0.8887414671575864,0.5819960835993623,0.0028010237073808437,12051
2021,20,sexo,Homem,0.8905755355841015,0.670351915210772,0.0074799869959835995,12277
2021,21,sexo,Homem,0.8890696633726198,0.6970959774869042,0.021796112600997102,12275
2021,22,sexo,Homem,0.8809594276416484,0.697316922622093,0.04961562050581984,11415
2021,23,sexo,Homem,0.8757158664650438,0.6973333416554471,0.08096152803305673,11265
2021,24,sexo,Homem,0.883666617677349,0.7044365792265678,0.1426925807192213,10875
2021,25,sexo,Homem,0.8604968666168248,0.6717443889607415,0.13917649805782284,11119
2021,26,sexo,Homem,0.8577171964776523,0.6807847659688745,0.171422418539902,10604
2021,27,sexo,Homem,0.8544864698641355,0.6704102502277077,0.18809338833850897,9867
2021,28,sexo,Homem,0.8500479675106104,0.6807010433193137,0.21175217541091368,9965
2021,29,sexo,Homem,0.8529333172169169,0.6942107555765294,0.19944769679867755,9310
2023,14,sexo,Homem,0.09523686393583443,0.0,0.0,13950
2023,15,sexo,Homem,0.500215367332916,0.0,0.0,14351
2023,16,sexo,Homem,0.7801053486690194,0.002949948974909684,0.0,14606
2023,17,sexo,Homem,0.8692955818646453,0.07805081347351235,0.0,14912
2023,18,sexo,Homem,0.8916253385204854,0.43394327688264817,0.001317573844133457,14591
2023,19,sexo,Homem,0.9083275582179627,0.6410698752202558,0.002779986038114214,13588
2023,20,sexo,Homem,0.8967475828669212,0.676521808641519,0.010314110760694214,13490
2023,21,sexo,Homem,0.9033428352635884,0.7009675498067406,0.024347004958589644,12936
2023,22,sexo,Homem,0.8939241240948658,0.7145821682531791,0.044235194886158284,13547
2023,23,sexo,Homem,0.8923939401504275,0.7158585918875574,0.08032899158440487,13889
2023,24,sexo,Homem,0.8854244764566518,0.7185704907496022,0.1236447364152006,12747
2023,25,sexo,Homem,0.8793691821389777,0.7076559673791939,0.1476847088920431,12888
2023,26,sexo,Homem,0.8745123290225271,0.7068398530340608,0.1611337516225405,12765
2023,27,sexo,Homem,0.8701560770768484,0.7115924767452723,0.18051105151903307,12774
2023,28,sexo,Homem,0.8681884497720157,0.7047283739816963,0.20171414956878514,12670
2023,29,sexo,Homem,0.8617756650853564,0.7014979398675062,0.20345338126843182,12080
2025,14,sexo,Homem,0.1086426332171083,0.0,0.0,14057
2025,15,sexo,Homem,0.5885432267500462,0.0,0.0,13987
2025,16,sexo,Homem,0.8278926865855754,0.00460873823209029,0.0,14324
2025,17,sexo,Homem,0.8957991027364673,0.08500631004996484,0.0,14153
2025,18,sexo,Homem,0.9271389779444824,0.4830229263839577,0.0019299676326809381,14082
2025,19,sexo,Homem,0.9305408286572863,0.6837209573325468,0.007869483507855093,13138
2025,20,sexo,Homem,0.925269787886244,0.7352876759592164,0.015544583595689988,12858
2025,21,sexo,Homem,0.9236570170717892,0.7563318619740564,0.02263408676040816,12043
2025,22,sexo,Homem,0.9102218192529923,0.7510182605438693,0.055878194794337394,12318
2025,23,sexo,Homem,0.9064395346509644,0.7402907955007451,0.07941874834344129,11875
2025,24,sexo,Homem,0.9061841454248172,0.7585849272084747,0.13159145728782756,12636
2025,25,sexo,Homem,0.8949435535855308,0.7461470113304964,0.14919443534676446,13026
2025,26,sexo,Homem,0.8864266651476883,0.7372888230095634,0.19793582038294585,11973
2025,27,sexo,Homem,0.8831936188644056,0.7328340767354322,0.20259395197997843,12641
2025,28,sexo,Homem,0.8797944931373788,0.7363673132775852,0.2177175876593137,12674
2025,29,sexo,Homem,0.8743606465059833,0.7232721497621736,0.21859347523804692,12355
2015,14,sexo,Mulher,0.20802724247092433,0.0,0.0,19844
2015,15,sexo,Mulher,0.5891834887670855,0.0,0.0,20867
2015,16,sexo,Mulher,0.7776837614165782,0.02322410099872215,0.0,19700
2015,17,sexo,Mulher,0.8351994503649427,0.19840111060762708,0.0,19367
2015,18,sexo,Mulher,0.8690149999534654,0.48404006348011913,0.0009036293984717316,19297
2015,19,sexo,Mulher,0.8714706123583056,0.5979964699633943,0.0034955918013852543,18680
2015,20,sexo,Mulher,0.88120795916332,0.6709166249709283,0.006732399200365854,18680
2015,21,sexo,Mulher,0.8804674073599221,0.6828930051535895,0.03142041685630243,17368
2015,22,sexo,Mulher,0.8766689274180539,0.6882463236700512,0.06385228716299118,16943
2015,23,sexo,Mulher,0.8749126106633638,0.6974409493651785,0.10476595871855204,16466
2015,24,sexo,Mulher,0.8683722168802215,0.6907540470332125,0.15094933646293943,16109
2015,25,sexo,Mulher,0.8654291206966714,0.7068135763564186,0.16857813864209129,16641
2015,26,sexo,Mulher,0.8629178764658088,0.6972686466626383,0.18649886522045794,17192
2015,27,sexo,Mulher,0.8531715640714946,0.6906521962107575,0.20089435104435935,17310
2015,28,sexo,Mulher,0.8448236837566339,0.6815438646221202,0.198137716688393,17307
2015,29,sexo,Mulher,0.8432016349107642,0.693078994579542,0.2020212066346441,17679
2017,14,sexo,Mulher,0.18522833555589568,0.0,0.0,17597
2017,15,sexo,Mulher,0.6014755333314256,0.0,0.0,18493
2017,16,sexo,Mulher,0.7936918281840412,0.015933498728308616,0.0,19130
2017,17,sexo,Mulher,0.847338330588584,0.18715797338688664,0.0,19526
2017,18,sexo,Mulher,0.8912805488400801,0.5187628820764246,0.0017095457718957572,18551
2017,19,sexo,Mulher,0.88552645280351,0.6348054031888133,0.0037191067322918645,17947
2017,20,sexo,Mulher,0.8963907843779497,0.6873058889107062,0.011503649059900874,18180
2017,21,sexo,Mulher,0.891919408517164,0.6966041300627376,0.028265902854044418,17518
2017,22,sexo,Mulher,0.8896816066429738,0.7179345949827726,0.06956979899925836,17677
2017,23,sexo,Mulher,0.8850198221662394,0.7078190875431273,0.11475599646703666,16972
2017,24,sexo,Mulher,0.8832254548894036,0.717076852918663,0.1541642578416193,16302
2017,25,sexo,Mulher,0.876763158325562,0.7206461710924926,0.18159289729838415,16614
2017,26,sexo,Mulher,0.8702620687974859,0.7220514488840126,0.20914594441342313,16241
2017,27,sexo,Mulher,0.8713770437588548,0.7161432225565606,0.21385352485550557,16281
2017,28,sexo,Mulher,0.8637367393913701,0.7109572104483778,0.2138095256001642,17371
2017,29,sexo,Mulher,0.8555980675308633,0.7025754085721888,0.23236986151725086,16678
2019,14,sexo,Mulher,0.15044974713178472,0.0,0.0,16736
2019,15,sexo,Mulher,0.6118145629328919,0.0,0.0,16681
2019,16,sexo,Mulher,0.8129132626442213,0.01306439577846098,0.0,16645
2019,17,sexo,Mulher,0.8793095763612416,0.17546353471219617,0.0,16838
2019,18,sexo,Mulher,0.9081806087505133,0.5263945838656184,0.0009399766572875045,17172
2019,19,sexo,Mulher,0.9173891743200051,0.679336970234775,0.0036552901513754923,17224
2019,20,sexo,Mulher,0.9126054801164099,0.7312452129360508,0.012121848979181601,16563
2019,21,sexo,Mulher,0.9104975044689089,0.7345920037834253,0.030818005571551236,15968
2019,22,sexo,Mulher,0.912090721348913,0.7404645305800003,0.0786003836613383,16539
2019,23,sexo,Mulher,0.9018497069778701,0.7484455596621294,0.13761773443899544,16358
2019,24,sexo,Mulher,0.9038338342889951,0.7454691632024825,0.18123195483197158,16007
2019,25,sexo,Mulher,0.8920969394455094,0.73848831909972,0.1977282446276188,15760
2019,26,sexo,Mulher,0.8903809960890071,0.736194232502611,0.21177893034470185,15566
2019,27,sexo,Mulher,0.8915458019993567,0.7531232834178196,0.2379952522113529,15420
2019,28,sexo,Mulher,0.8855553671014385,0.7341362364953351,0.25058092147270367,15322
2019,29,sexo,Mulher,0.886947021479815,0.7368876756664917,0.2480637951148489,15400
2021,14,sexo,Mulher,0.10221771484112899,0.0,0.0,11419
2021,15,sexo,Mulher,0.5504763886093788,0.0,0.0,11779
2021,16,sexo,Mulher,0.8239933790743997,0.007277741177552111,0.0,11758
2021,17,sexo,Mulher,0.895976122718386,0.11020025618427538,0.0,11407
2021,18,sexo,Mulher,0.9243181683435714,0.5049345270447176,0.006600376050683119,11627
2021,19,sexo,Mulher,0.9233429479862074,0.6711255188966189,0.008114825413041519,11161
2021,20,sexo,Mulher,0.9238511752555048,0.752048795826087,0.0147960626067551,11294
2021,21,sexo,Mulher,0.9231931641694417,0.7720228978242352,0.028561943560326427,11701
2021,22,sexo,Mulher,0.9231091141829265,0.7775589497556451,0.07302130272626563,10942
2021,23,sexo,Mulher,0.9159356104487901,0.7796782619313015,0.13803347253996645,10896
2021,24,sexo,Mulher,0.9163057170684821,0.7891053583739095,0.19745959223743578,10837
2021,25,sexo,Mulher,0.9108372843309733,0.7521642875939513,0.20627524369939285,11038
2021,26,sexo,Mulher,0.8985548741673298,0.7513647957944531,0.22950391672155177,10724
2021,27,sexo,Mulher,0.9074675323591789,0.7656517062569399,0.2567873901567508,10568
2021,28,sexo,Mulher,0.897070247665127,0.753297017008295,0.24513301524308695,10710
2021,29,sexo,Mulher,0.8860168473688026,0.7547996225585458,0.26708758675473837,10282
2023,14,sexo,Mulher,0.10626832124584067,0.0,0.0,13254
2023,15,sexo,Mulher,0.5821894078070717,0.0,0.0,13411
2023,16,sexo,Mulher,0.8504837167766879,0.006921792255840373,0.0,13553
2023,17,sexo,Mulher,0.9105625494707211,0.10295062283214713,0.0,13487
2023,18,sexo,Mulher,0.9418303733167481,0.5022118956476882,0.0023422089746048223,13305
2023,19,sexo,Mulher,0.941478816460155,0.7272016256858134,0.0050668365349786915,12284
2023,20,sexo,Mulher,0.9362366537386175,0.780386336793017,0.015796670714785663,12518
2023,21,sexo,Mulher,0.9375726120526424,0.787229296921039,0.031530187473277946,12535
2023,22,sexo,Mulher,0.9294862244526702,0.7906314889346648,0.07058392019910288,13027
2023,23,sexo,Mulher,0.9293140725945859,0.7796466342981879,0.1320778216246973,13496
2023,24,sexo,Mulher,0.9235051899177562,0.7961171011340199,0.18218391382496807,12574
2023,25,sexo,Mulher,0.9225225591249572,0.7818594453168355,0.21011127915973515,13116
2023,26,sexo,Mulher,0.9172433112505276,0.7836021968864264,0.2429022964170883,12824
2023,27,sexo,Mulher,0.9174262808437792,0.7757614775543779,0.25854563067311664,13039
2023,28,sexo,Mulher,0.9141324804681082,0.7857513908045168,0.2740043623370507,13143
2023,29,sexo,Mulher,0.9088166865264596,0.785944340672511,0.2842212381916294,12570
2025,14,sexo,Mulher,0.12208610125025172,0.0,0.0,13112
2025,15,sexo,Mulher,0.6610228723723687,0.0,0.0,13536
2025,16,sexo,Mulher,0.886820938216027,0.005734821650309198,0.0,13174
2025,17,sexo,Mulher,0.9369762184720587,0.1048770066370413,0.0,13097
2025,18,sexo,Mulher,0.9536670116410307,0.576152682930133,0.004522817650150773,13368
2025,19,sexo,Mulher,0.956492343301389,0.768389561829005,0.006988378142341923,12456
2025,20,sexo,Mulher,0.9556815291733851,0.8119971350586238,0.014262823520590814,12524
2025,21,sexo,Mulher,0.9512973939602831,0.8221000484653807,0.02941009898071845,11969
2025,22,sexo,Mulher,0.9432887914205432,0.830530238090475,0.07589041217781173,11991
2025,23,sexo,Mulher,0.9402626797498931,0.8191795753898022,0.1320796123685961,12379
2025,24,sexo,Mulher,0.9411983516910503,0.8252742794817624,0.20395944163274596,12675
2025,25,sexo,Mulher,0.9348815409962565,0.8188893671997172,0.2217031018680397,13412
2025,26,sexo,Mulher,0.932571602840485,0.8136130037624411,0.2554320936716644,12717
2025,27,sexo,Mulher,0.9286509025003996,0.8110945582344284,0.2820901930677078,12944
2025,28,sexo,Mulher,0.9174991593130079,0.8070425849416957,0.2794551457002307,13405
2025,29,sexo,Mulher,0.9210928261714555,0.8068269457835981,0.2996717877372026,13792
2015,14,total,Total,0.18595573593371573,0.0,0.0,40611
2015,15,total,Total,0.5339760654034631,0.0,0.0,43211
2015,16,total,Total,0.7187844404471528,0.016978316804946426,0.0,41256
2015,17,total,Total,0.7921645391953607,0.16157494798917188,0.0,40488
2015,18,total,Total,0.8270584009365853,0.41473858686706483,0.0008439430969428983,40110
2015,19,total,Total,0.8428375002931984,0.5353699842688717,0.002762031288960278,38130
2015,20,total,Total,0.8488100010614702,0.604849868358188,0.005430863923452528,37708
2015,21,total,Total,0.8444481034724313,0.62422826988823,0.025192237811704717,34754
2015,22,total,Total,0.842486268531543,0.6309928025100457,0.050654994717589504,34243
2015,23,total,Total,0.8446902891601312,0.6466143315480266,0.08626405609401586,33124
2015,24,total,Total,0.8388357393550777,0.647952370037693,0.12536396578322254,32616
2015,25,total,Total,0.8350968616417125,0.6551980572319679,0.13984706845971537,33156
2015,26,total,Total,0.8338776758417789,0.6529071381441056,0.15699040312102785,33326
2015,27,total,Total,0.8224408591280502,0.647414872294096,0.1723208181852607,33654
2015,28,total,Total,0.8124730541436405,0.6401016503351452,0.17059558863647092,33849
2015,29,total,Total,0.8121136709358917,0.6436549309355383,0.1794109618208374,34358
2017,14,total,Total,0.16132143366105586,0.0,0.0,36829
2017,15,total,Total,0.5455609543259522,0.0,0.0,38103
2017,16,total,Total,0.7320112423808997,0.01311904370112441,0.0,39774
2017,17,total,Total,0.8090493342385153,0.15938585849399245,0.0,40259
2017,18,total,Total,0.854720803581151,0.4531996791020132,0.0013698081089560056,39029
2017,19,total,Total,0.861074161885545,0.5771292748615364,0.0036407768555509917,37220
2017,20,total,Total,0.8699511448928716,0.6359406882826443,0.009286742622513727,36949
2017,21,total,Total,0.8591951855249197,0.6400690326927982,0.024152393673934725,35619
2017,22,total,Total,0.8612238802770346,0.6633109960533654,0.05673779061580853,35913
2017,23,total,Total,0.857896233698285,0.6580654183683998,0.08927056235633436,34419
2017,24,total,Total,0.8527329929338449,0.6724411295893599,0.12569226993386293,32727
2017,25,total,Total,0.8467914448927666,0.6742683310891295,0.14942328321236067,33118
2017,26,total,Total,0.8467347972752254,0.6792569136491038,0.17728931273126328,32093
2017,27,total,Total,0.8405091752584667,0.6659468373883488,0.18702869439542205,32398
2017,28,total,Total,0.8342082707996663,0.6636283978885776,0.183164850457149,33388
2017,29,total,Total,0.8259262557832731,0.6581113510419149,0.20013947139697028,32331
2019,14,total,Total,0.13234311580669444,0.0,0.0,34582
2019,15,total,Total,0.5524659789205302,0.0,0.0,34745
2019,16,total,Total,0.7576982313568268,0.010088102782980946,0.0,34839
2019,17,total,Total,0.8361640719788754,0.14644519124353547,0.0,34791
2019,18,total,Total,0.8789858074847198,0.46606116640916906,0.001186804363960614,35912
2019,19,total,Total,0.889644422064573,0.6211517038084153,0.0032258075756318146,35851
2019,20,total,Total,0.8853060563192109,0.6776386824002625,0.010765282225481407,33756
2019,21,total,Total,0.8831432065769291,0.6907973953511289,0.026933235302831614,32570
2019,22,total,Total,0.887123801314986,0.701420689098848,0.06763756582841987,33361
2019,23,total,Total,0.8793339679293484,0.7010971842762546,0.10798777789012559,33077
2019,24,total,Total,0.8747042497431351,0.6999363516222157,0.1429033865052502,32119
2019,25,total,Total,0.861805448813271,0.6901949345555017,0.16268121088025245,31320
2019,26,total,Total,0.8575723913864565,0.6799779471956803,0.17297728645888538,30889
2019,27,total,Total,0.8600840855487626,0.7029816799312275,0.20447768725900836,30108
2019,28,total,Total,0.8518081116971477,0.6936866977040974,0.21761486521376716,30040
2019,29,total,Total,0.8560559639797204,0.6932934480117561,0.21996832107236602,30015
2021,14,total,Total,0.09590698196826669,0.0,0.0,23693
2021,15,total,Total,0.5151707019424915,0.0,0.0,24218
2021,16,total,Total,0.776547486503907,0.00587920867377845,0.0,24422
2021,17,total,Total,0.8573726021192994,0.0972566362175981,0.0,23953
2021,18,total,Total,0.8940337696789928,0.45006692468237297,0.004627371142030572,24294
2021,19,total,Total,0.9059118651956888,0.6262250542768053,0.005437907684504473,23212
2021,20,total,Total,0.9067377235531212,0.7100326051697404,0.011033451043091573,23571
2021,21,total,Total,0.9056788114117201,0.7335656327959074,0.025089288429588914,23976
2021,22,total,Total,0.901781942953889,0.736957569463851,0.0611783441325159,22357
2021,23,total,Total,0.8961310822959868,0.7391309553024343,0.10993078416434938,22161
2021,24,total,Total,0.9002326161548101,0.747410279255325,0.17048961698402423,21712
2021,25,total,Total,0.8851485504743787,0.711125983452462,0.1720347288771812,22157
2021,26,total,Total,0.8777186407130538,0.7153533950034807,0.19986952701204902,21328
2021,27,total,Total,0.8819215781515518,0.719728998032315,0.22366510566214243,20435
2021,28,total,Total,0.8739718027408204,0.7176361750739788,0.22873556518628677,20675
2021,29,total,Total,0.8697987788653986,0.725098003936025,0.23392944541269114,19592
2023,14,total,Total,0.10059967122289183,0.0,0.0,27204
2023,15,total,Total,0.5404399774529306,0.0,0.0,27762
2023,16,total,Total,0.8145430977765163,0.004893462956275849,0.0,28159
2023,17,total,Total,0.8893885068477216,0.09017455385375509,0.0,28399
2023,18,total,Total,0.9160765711498886,0.4671919716696555,0.0018165993310608976,27896
2023,19,total,Total,0.9246913404290551,0.6835853416252298,0.0039087975965362,25872
2023,20,total,Total,0.9158434122754622,0.7267478399812735,0.01296532607911963,26008
2023,21,total,Total,0.9204466069657137,0.744070408419048,0.02793626335729519,25471
2023,22,total,Total,0.9112378755691177,0.7516075133485787,0.05706332587790775,26574
2023,23,total,Total,0.9108103336043231,0.7476771583150954,0.10614219299266778,27385
2023,24,total,Total,0.9045141213997826,0.757444165222478,0.1529900929079777,25321
2023,25,total,Total,0.9008415407602349,0.7445783081206674,0.17874706826935224,26004
2023,26,total,Total,0.8958519500886799,0.7451745517596571,0.20196851998185517,25589
2023,27,total,Total,0.8937278527861267,0.7435910122713429,0.21942380100615905,25813
2023,28,total,Total,0.8914144816116151,0.745687844449473,0.23825893586656088,25813
2023,29,total,Total,0.8856478532034134,0.7443524592667906,0.24444112803275186,24650
2025,14,total,Total,0.11516541664369351,0.0,0.0,27169
2025,15,total,Total,0.6241767378622145,0.0,0.0,27523
2025,16,total,Total,0.8563337877193491,0.005152230555322213,0.0,27498
2025,17,total,Total,0.9158569267179867,0.09468554395000373,0.0,27250
2025,18,total,Total,0.9401494438177499,0.5286976843848635,0.0032016105690807627,27450
2025,19,total,Total,0.9434119491211166,0.7257138746217102,0.00743248345385538,25594
2025,20,total,Total,0.9398818980173295,0.7721447258030042,0.014928728712467736,25382
2025,21,total,Total,0.9371369224540267,0.7884062774077134,0.02593867280014089,24012
2025,22,total,Total,0.9262069801996548,0.7894557610150247,0.0655524556898771,24309
2025,23,total,Total,0.9234901429273654,0.7800594710439939,0.10596565169508033,24254
2025,24,total,Total,0.9238035306636686,0.7921434599965131,0.16800751611369757,25311
2025,25,total,Total,0.9147250897866802,0.7821767574262508,0.18510843363958968,26438
2025,26,total,Total,0.9094991583112004,0.7754509536067477,0.22668398732626088,24690
2025,27,total,Total,0.9055037594588841,0.7712438145282918,0.24161019258075728,25585
2025,28,total,Total,0.8984678736315558,0.7713695125588585,0.24829334999889754,26079
2025,29,total,Total,0.8984989973566131,0.7664303117836235,0.26047247098554505,26147
